{
  "best_acc": 0.4399999976158142,
  "best_loss": 1.4880268573760986,
  "epoch": 2,
  "task": "action"
}