{
  "best_acc": 0.4799999713897705,
  "best_loss": 1.5368152141571045,
  "epoch": 230,
  "task": "action"
}